<?xml version="1.0" encoding="UTF-8"?>
<beans:beans xmlns="http://www.springframework.org/schema/mvc"
	xmlns:xsi="http://www.w3.org/2001/XMLSchema-instance"
	xmlns:beans="http://www.springframework.org/schema/beans"
	xmlns:mvc="http://www.springframework.org/schema/mvc"
	xmlns:context="http://www.springframework.org/schema/context"
	xsi:schemaLocation="http://www.springframework.org/schema/mvc https://www.springframework.org/schema/mvc/spring-mvc.xsd
		http://www.springframework.org/schema/beans https://www.springframework.org/schema/beans/spring-beans.xsd
		http://www.springframework.org/schema/context http://www.springframework.org/schema/context/spring-context.xsd
		http://www.springframework.org/schema/context https://www.springframework.org/schema/context/spring-context.xsd">

	<!-- servlet-context.xml는 웹과 관련있는 jsp파일들을 bean을 설정해준다.(Controller,MultipartResolver(파일업로드),Interceptor(로그인)등 -->
	<!-- Enables the Spring MVC @Controller programming model -->
	<annotation-driven />

	<!-- Handles HTTP GET requests for /resources/** by efficiently serving up static resources in the ${webappRoot}/resources directory -->
	<!-- HTTP GET 요청시  정적인 data에 바로 매핑이 가능-->
	<resources mapping="/resources/**" location="/resources/" />
	<resources mapping="/css/**" location="/css/"/>
	<resources mapping="/js/**" location="/js/"/>

	<!-- Resolves views selected for rendering by @Controllers to .jsp resources in the /WEB-INF/views directory -->
	<!-- 뷰이름에 해당하는 JSP 연동을 위한 View 객체를 리턴 -->
	<beans:bean class="org.springframework.web.servlet.view.InternalResourceViewResolver">
		<beans:property name="prefix" value="/WEB-INF/views/" /> <!-- prefix : package 명 -->
		<beans:property name="suffix" value=".jsp" /> <!-- File 명 -->
		<beans:property name="order" value ="1"/> <!-- 우선순위 -->
	</beans:bean>
	<!-- 위에 bean을 view 객체로 사용 -->
	<beans:bean class="org.springframework.web.servlet.view.BeanNameViewResolver">
		<beans:property name="order" value="0"/>
	</beans:bean>
	
	<!--  파일 다운로드를 처리할 클래스를 빈(bean)으로 등록  -->
	<beans:bean id="fileDownloadUtil" class="com.spring.board.common.FileDownloadUtil"/>
	<!-- component-scan -->
	<context:component-scan base-package="com.spring.board" use-default-filters="false">
		<context:include-filter type="annotation" expression="org.springframework.stereotype.Controller"/>
	</context:component-scan>
	<!-- 모든 요청을 가로채서 com.spring.board.common.LoggerInterceptor에 있는 LogerrInterceptor 객체를 실행한다. -->
	<mvc:interceptors>
		<mvc:interceptor>
			<mvc:mapping path="/**"/>
				<beans:bean id="loggerInterceptor" class="com.spring.board.common.LoggerInterceptor"/>
		</mvc:interceptor>
	</mvc:interceptors>
	
	<!-- 컨트롤러에서 넘겨주는 데이터를 messageConverter로 사용하기 위한 MappingJackson2HttpMessageConverter 추가 -->
	<beans:bean class="org.springframework.http.converter.json.MappingJackson2HttpMessageConverter"/>	
	
	<!--  MultipartResolver 설정  -->
	<!-- HttpServletRequest를 MultipartHtppServletRequest로 변환해주어 요청이 담고 있는 File을 꺼낼 수 있는 API 제공 -->
	<beans:bean id="multipartResolver" class="org.springframework.web.multipart.commons.CommonsMultipartResolver">
		<beans:property name="maxUploadSize" value="100000000"/> <!-- maxUploadSize : 한번에 최대 올릴 수 있는 파일 사이즈 -->
		<beans:property name="maxInMemorySize" value="100000000"/> <!-- maxInMemorySize : 해당 경로에 최대로 저장할 수 있는 파일 사이즈 -->
	</beans:bean>
	
</beans:beans>
