<?xml version="1.0" encoding="UTF-8"?>
<beans xmlns="http://www.springframework.org/schema/beans"
	xmlns:xsi="http://www.w3.org/2001/XMLSchema-instance"
	xmlns:aop="http://www.springframework.org/schema/aop"
	xmlns:context="http://www.springframework.org/schema/context"
	xmlns:jdbc="http://www.springframework.org/schema/jdbc"
	xmlns:mybatis-spring="http://mybatis.org/schema/mybatis-spring"
	xmlns:tx="http://www.springframework.org/schema/tx"
	xsi:schemaLocation="http://www.springframework.org/schema/jdbc http://www.springframework.org/schema/jdbc/spring-jdbc-4.3.xsd
	http://mybatis.org/schema/mybatis-spring http://mybatis.org/schema/mybatis-spring-1.2.xsd
	http://www.springframework.org/schema/beans https://www.springframework.org/schema/beans/spring-beans.xsd
	http://www.springframework.org/schema/context http://www.springframework.org/schema/context/spring-context-4.3.xsd
	http://www.springframework.org/schema/aop http://www.springframework.org/schema/aop/spring-aop-4.3.xsd
	http://www.springframework.org/schema/tx http://www.springframework.org/schema/tx/spring-tx-4.3.xsd">
	
	<!-- root-context.xml 파일은 웹과 관련이 없는 bean을 설정해준다.(해당 프로젝트에서는 Service,Repository,Controller) -->
	
	<!-- dataSource와 sqlSessionFactory MYSQL과의 연결을 담당한다. -->
	<bean id="dataSource" class="org.springframework.jdbc.datasource.DriverManagerDataSource">
		<property name="driverClassName" value="com.mysql.jdbc.Driver"/>
		<property name="url" value="jdbc:mysql://localhost:3306/board?allowPublicKeyRetrieval=true&amp;useSSL=false&amp;serverTimezone=UTC"/>
		<property name="username" value="root"/>	<!-- mysql id -->
		<property name="password" value="1234"/>	<!-- mysql pw -->
	</bean>
	<!-- MyBatis를 사용하기 위한 sqlSessionFacotry bean 설정 -->
	<bean id="sqlSessionFactory" class="org.mybatis.spring.SqlSessionFactoryBean">
		<property name="dataSource" ref="dataSource"/>	
		<property name="configLocation" value="classpath:mybatis-config.xml"/>
		<!-- SQL문을 관리하는 mapper 파일 및 경로 설정 -->
		<property name="mapperLocations" value="classpath:mappers/**/*.xml"/>
	</bean>
	<!-- SqlSessionTemplate는 쓰레드가 안전하고, 여러개의 DAO나 Mapper에서 공유할 수 있다.-->
	<bean id="sqlSession" class="org.mybatis.spring.SqlSessionTemplate" destroy-method="clearCache"><!-- clearCache : 자동으로 남아있는 캐시를 청소해준다. -->
		<constructor-arg name="sqlSessionFactory" ref="sqlSessionFactory"/>
	</bean>
	<!-- commponet-scan을 com.spring.board 이하의 모든 것들을 스캔 하고, Service,Repository 애노테이션이 붙은 것들을 스캔하여 빈으로 등록해준다. -->
	<context:component-scan base-package="com.spring.board" use-default-filters="false">
		<context:include-filter type="annotation" expression="org.springframework.stereotype.Service"/>
		<context:include-filter type="annotation" expression="org.springframework.stereotype.Repository"/>
	</context:component-scan>
	<!-- 처리과정 중 한 가지라도 실패할 경우 처리 과정을 취소시킴으로써 데이터의 무결성을 보장하기 위해 트랜잭션 설정 -->
	<bean id="transactionManager" class="org.springframework.jdbc.datasource.DataSourceTransactionManager">
		<property name="dataSource" ref="dataSource"/>
	</bean>
	<!-- cglib 프록시를 이용하기 위한 aop설정 -->
	<aop:config proxy-target-class="true">
		<aop:pointcut id="serviceOperation" expression="execution(public * com.spring.board..service.*Service.*(..))"/>
		<aop:advisor id="transactionAdvisor" pointcut-ref="serviceOperation" advice-ref="txAdvice"/>
	</aop:config>
	
	<!-- insert,update,delete 에 대한 트랜잭션 관리 설정-->
	<tx:advice id="txAdvice" transaction-manager="transactionManager">
		<tx:attributes>
			<tx:method name="insert*" rollback-for="Exception"/>
			<tx:method name="update*" rollback-for="Exception"/>
			<tx:method name="delete*" rollback-for="Exception"/>
		</tx:attributes>
	</tx:advice>
	
</beans>	

