<?xml version="1.0" encoding="UTF-8"?>
<configuration>
	
	<appender name="STDOUT" class="ch.qos.logback.core.ConsoleAppender">
		<layout class="ch.qos.logback.classic.PatternLayout">
			<pattern> %d{yyyy-MM-dd HH:mm:ss} %-5level %logger{36} - %msg%n</pattern>
		</layout>
	</appender>

	<logger name="org.spring.board" level="info" additivity="false">
		<appender-ref ref="STDOUT"/>
	</logger>
	
	<logger name="org.spring.board" level="debug" additivity="false">
		<appender-ref ref="STDOUT"/>
	</logger>
	
	<root level="error">
		<appender-ref ref="STDOUT"/>
	</root>
</configuration>